[
{
  "model": "admin.logentry",
  "pk": 1,
  "fields": {
    "action_time": "2021-04-10T21:33:50.901Z",
    "user": 1,
    "content_type": 9,
    "object_id": "1",
    "object_repr": "Confecciones Ijei 0604551580001",
    "action_flag": 1,
    "change_message": "[{\"added\": {}}]"
  }
},
{
  "model": "admin.logentry",
  "pk": 2,
  "fields": {
    "action_time": "2021-04-11T16:04:59.336Z",
    "user": 1,
    "content_type": 31,
    "object_id": "9",
    "object_repr": "2021-04-01",
    "action_flag": 2,
    "change_message": "[{\"changed\": {\"fields\": [\"Fecha asig\"]}}]"
  }
},
{
  "model": "admin.logentry",
  "pk": 3,
  "fields": {
    "action_time": "2021-04-11T16:15:54.648Z",
    "user": 1,
    "content_type": 31,
    "object_id": "9",
    "object_repr": "2021-04-01",
    "action_flag": 2,
    "change_message": "[{\"changed\": {\"fields\": [\"Fecha fin\"]}}]"
  }
},
{
  "model": "admin.logentry",
  "pk": 4,
  "fields": {
    "action_time": "2021-04-11T16:16:53.577Z",
    "user": 1,
    "content_type": 31,
    "object_id": "9",
    "object_repr": "2021-01-01",
    "action_flag": 2,
    "change_message": "[{\"changed\": {\"fields\": [\"Fecha asig\", \"Fecha fin\"]}}]"
  }
},
{
  "model": "admin.logentry",
  "pk": 5,
  "fields": {
    "action_time": "2021-04-12T15:12:59.110Z",
    "user": 1,
    "content_type": 31,
    "object_id": "9",
    "object_repr": "2021-01-01",
    "action_flag": 2,
    "change_message": "[{\"added\": {\"name\": \"novedades_produccion\", \"object\": \"Falla en maquina 12/ 2021-04-12\"}}]"
  }
},
{
  "model": "admin.logentry",
  "pk": 6,
  "fields": {
    "action_time": "2021-04-12T15:58:55.781Z",
    "user": 1,
    "content_type": 31,
    "object_id": "9",
    "object_repr": "2021-01-01",
    "action_flag": 2,
    "change_message": "[{\"added\": {\"name\": \"novedades_produccion\", \"object\": \"Sin novedad/ 2021-04-12\"}}, {\"added\": {\"name\": \"novedades_produccion\", \"object\": \"Sin novedad/ 2021-04-12\"}}, {\"added\": {\"name\": \"novedades_produccion\", \"object\": \"Sin novedad/ 2021-04-12\"}}, {\"changed\": {\"name\": \"novedades_produccion\", \"object\": \"Falla en maquina 12/ 2021-04-05\", \"fields\": [\"Fecha\"]}}]"
  }
},
{
  "model": "admin.logentry",
  "pk": 7,
  "fields": {
    "action_time": "2021-04-12T18:46:50.936Z",
    "user": 1,
    "content_type": 31,
    "object_id": "9",
    "object_repr": "2021-01-01",
    "action_flag": 2,
    "change_message": "[{\"changed\": {\"name\": \"detalle_asig_recurso\", \"object\": \"2021-01-01/Tela de Algodon\", \"fields\": [\"Ingreso inicial\", \"Ingreso actual\"]}}]"
  }
},
{
  "model": "admin.logentry",
  "pk": 8,
  "fields": {
    "action_time": "2021-04-12T19:08:04.848Z",
    "user": 1,
    "content_type": 31,
    "object_id": "9",
    "object_repr": "2021-01-01",
    "action_flag": 2,
    "change_message": "[{\"changed\": {\"name\": \"detalle_asig_recurso\", \"object\": \"2021-01-01/Tela de Algodon\", \"fields\": [\"Ingreso actual\"]}}, {\"added\": {\"name\": \"detalle_perdidas_material\", \"object\": \"2021-01-01 Tela de Algodon\"}}]"
  }
},
{
  "model": "admin.logentry",
  "pk": 9,
  "fields": {
    "action_time": "2021-04-12T19:17:43.479Z",
    "user": 1,
    "content_type": 34,
    "object_id": "2",
    "object_repr": "Tela de Algodon/10",
    "action_flag": 1,
    "change_message": "[{\"added\": {}}]"
  }
},
{
  "model": "admin.logentry",
  "pk": 10,
  "fields": {
    "action_time": "2021-04-12T19:17:58.848Z",
    "user": 1,
    "content_type": 34,
    "object_id": "2",
    "object_repr": "Tela de Algodon/10",
    "action_flag": 2,
    "change_message": "[{\"changed\": {\"fields\": [\"Det asignacion\"]}}]"
  }
},
{
  "model": "admin.logentry",
  "pk": 11,
  "fields": {
    "action_time": "2021-04-12T21:41:10.509Z",
    "user": 1,
    "content_type": 34,
    "object_id": "2",
    "object_repr": "Tela de Algodon/10",
    "action_flag": 3,
    "change_message": ""
  }
},
{
  "model": "admin.logentry",
  "pk": 12,
  "fields": {
    "action_time": "2021-04-12T22:13:10.961Z",
    "user": 1,
    "content_type": 34,
    "object_id": "3",
    "object_repr": "Tela de Algodon/10",
    "action_flag": 1,
    "change_message": "[{\"added\": {}}]"
  }
},
{
  "model": "admin.logentry",
  "pk": 13,
  "fields": {
    "action_time": "2021-04-12T22:14:16.921Z",
    "user": 1,
    "content_type": 37,
    "object_id": "3",
    "object_repr": "Tela Jean",
    "action_flag": 1,
    "change_message": "[{\"added\": {}}]"
  }
},
{
  "model": "admin.logentry",
  "pk": 14,
  "fields": {
    "action_time": "2021-04-12T22:14:24.869Z",
    "user": 1,
    "content_type": 37,
    "object_id": "3",
    "object_repr": "Tela Jean",
    "action_flag": 2,
    "change_message": "[{\"changed\": {\"fields\": [\"Tipo\"]}}]"
  }
},
{
  "model": "admin.logentry",
  "pk": 15,
  "fields": {
    "action_time": "2021-04-12T22:14:44.243Z",
    "user": 1,
    "content_type": 30,
    "object_id": "2",
    "object_repr": "Tela Jean",
    "action_flag": 1,
    "change_message": "[{\"added\": {}}]"
  }
},
{
  "model": "admin.logentry",
  "pk": 16,
  "fields": {
    "action_time": "2021-04-12T22:15:02.269Z",
    "user": 1,
    "content_type": 30,
    "object_id": "2",
    "object_repr": "Tela Jean",
    "action_flag": 2,
    "change_message": "[]"
  }
},
{
  "model": "admin.logentry",
  "pk": 17,
  "fields": {
    "action_time": "2021-04-12T22:15:19.645Z",
    "user": 1,
    "content_type": 31,
    "object_id": "9",
    "object_repr": "2021-01-01",
    "action_flag": 2,
    "change_message": "[{\"added\": {\"name\": \"detalle_asig_recurso\", \"object\": \"2021-01-01/Tela Jean\"}}]"
  }
},
{
  "model": "admin.logentry",
  "pk": 18,
  "fields": {
    "action_time": "2021-04-13T00:44:40.227Z",
    "user": 1,
    "content_type": 34,
    "object_id": "4",
    "object_repr": "Tela Jean/10",
    "action_flag": 2,
    "change_message": "[{\"changed\": {\"fields\": [\"Det asignacion\"]}}]"
  }
},
{
  "model": "admin.logentry",
  "pk": 19,
  "fields": {
    "action_time": "2021-04-13T01:20:14.489Z",
    "user": 1,
    "content_type": 34,
    "object_id": "4",
    "object_repr": "Tela Jean/10",
    "action_flag": 3,
    "change_message": ""
  }
},
{
  "model": "admin.logentry",
  "pk": 20,
  "fields": {
    "action_time": "2021-04-13T01:20:14.558Z",
    "user": 1,
    "content_type": 34,
    "object_id": "36",
    "object_repr": "Tela Jean/1",
    "action_flag": 3,
    "change_message": ""
  }
},
{
  "model": "admin.logentry",
  "pk": 21,
  "fields": {
    "action_time": "2021-04-13T01:20:22.342Z",
    "user": 1,
    "content_type": 31,
    "object_id": "9",
    "object_repr": "2021-01-01",
    "action_flag": 3,
    "change_message": ""
  }
},
{
  "model": "admin.logentry",
  "pk": 22,
  "fields": {
    "action_time": "2021-04-13T01:20:22.412Z",
    "user": 1,
    "content_type": 31,
    "object_id": "4",
    "object_repr": "2021-04-10",
    "action_flag": 3,
    "change_message": ""
  }
},
{
  "model": "admin.logentry",
  "pk": 23,
  "fields": {
    "action_time": "2021-04-13T01:20:22.512Z",
    "user": 1,
    "content_type": 31,
    "object_id": "3",
    "object_repr": "2021-04-10",
    "action_flag": 3,
    "change_message": ""
  }
},
{
  "model": "admin.logentry",
  "pk": 24,
  "fields": {
    "action_time": "2021-04-13T01:20:22.614Z",
    "user": 1,
    "content_type": 31,
    "object_id": "2",
    "object_repr": "2021-04-10",
    "action_flag": 3,
    "change_message": ""
  }
},
{
  "model": "admin.logentry",
  "pk": 25,
  "fields": {
    "action_time": "2021-04-13T01:20:49.239Z",
    "user": 1,
    "content_type": 16,
    "object_id": "4",
    "object_repr": "Maquina de coser",
    "action_flag": 2,
    "change_message": "[{\"changed\": {\"fields\": [\"Estado\"]}}]"
  }
},
{
  "model": "admin.logentry",
  "pk": 26,
  "fields": {
    "action_time": "2021-04-13T01:20:55.061Z",
    "user": 1,
    "content_type": 16,
    "object_id": "3",
    "object_repr": "Maquina de coser",
    "action_flag": 2,
    "change_message": "[{\"changed\": {\"fields\": [\"Estado\"]}}]"
  }
},
{
  "model": "admin.logentry",
  "pk": 27,
  "fields": {
    "action_time": "2021-04-13T01:21:00.340Z",
    "user": 1,
    "content_type": 16,
    "object_id": "2",
    "object_repr": "Maquina de coser",
    "action_flag": 2,
    "change_message": "[{\"changed\": {\"fields\": [\"Estado\"]}}]"
  }
},
{
  "model": "admin.logentry",
  "pk": 28,
  "fields": {
    "action_time": "2021-04-13T01:21:03.966Z",
    "user": 1,
    "content_type": 16,
    "object_id": "2",
    "object_repr": "Maquina de coser",
    "action_flag": 2,
    "change_message": "[]"
  }
},
{
  "model": "admin.logentry",
  "pk": 29,
  "fields": {
    "action_time": "2021-04-13T01:21:08.324Z",
    "user": 1,
    "content_type": 16,
    "object_id": "1",
    "object_repr": "Maquina de coser",
    "action_flag": 2,
    "change_message": "[{\"changed\": {\"fields\": [\"Estado\"]}}]"
  }
},
{
  "model": "admin.logentry",
  "pk": 30,
  "fields": {
    "action_time": "2021-04-13T01:21:26.373Z",
    "user": 1,
    "content_type": 11,
    "object_id": "4",
    "object_repr": "Camiseta",
    "action_flag": 2,
    "change_message": "[{\"changed\": {\"fields\": [\"Stock\"]}}]"
  }
},
{
  "model": "admin.logentry",
  "pk": 31,
  "fields": {
    "action_time": "2021-04-13T01:21:28.484Z",
    "user": 1,
    "content_type": 11,
    "object_id": "4",
    "object_repr": "Camiseta",
    "action_flag": 2,
    "change_message": "[]"
  }
},
{
  "model": "admin.logentry",
  "pk": 32,
  "fields": {
    "action_time": "2021-04-13T01:21:33.227Z",
    "user": 1,
    "content_type": 11,
    "object_id": "2",
    "object_repr": "Camiseta",
    "action_flag": 2,
    "change_message": "[{\"changed\": {\"fields\": [\"Stock\"]}}]"
  }
},
{
  "model": "admin.logentry",
  "pk": 33,
  "fields": {
    "action_time": "2021-04-13T01:21:37.763Z",
    "user": 1,
    "content_type": 11,
    "object_id": "1",
    "object_repr": "Camiseta",
    "action_flag": 2,
    "change_message": "[{\"changed\": {\"fields\": [\"Stock\"]}}]"
  }
},
{
  "model": "admin.logentry",
  "pk": 34,
  "fields": {
    "action_time": "2021-05-03T14:11:06.527Z",
    "user": 1,
    "content_type": 38,
    "object_id": "1",
    "object_repr": "Sistema de informacion",
    "action_flag": 1,
    "change_message": "[{\"added\": {}}]"
  }
},
{
  "model": "admin.logentry",
  "pk": 35,
  "fields": {
    "action_time": "2021-05-03T16:37:59.237Z",
    "user": 1,
    "content_type": 3,
    "object_id": "1",
    "object_repr": "Cliente",
    "action_flag": 1,
    "change_message": "[{\"added\": {}}]"
  }
},
{
  "model": "admin.logentry",
  "pk": 36,
  "fields": {
    "action_time": "2021-05-03T16:38:15.024Z",
    "user": 1,
    "content_type": 15,
    "object_id": "5",
    "object_repr": "0601899396 Daniel Antonio",
    "action_flag": 2,
    "change_message": "[{\"changed\": {\"fields\": [\"Groups\", \"Last name\"]}}]"
  }
},
{
  "model": "admin.logentry",
  "pk": 37,
  "fields": {
    "action_time": "2021-05-03T16:38:18.143Z",
    "user": 1,
    "content_type": 15,
    "object_id": "5",
    "object_repr": "0601899396 Daniel Antonio",
    "action_flag": 2,
    "change_message": "[]"
  }
},
{
  "model": "admin.logentry",
  "pk": 38,
  "fields": {
    "action_time": "2021-05-04T18:59:34.709Z",
    "user": 1,
    "content_type": 3,
    "object_id": "7",
    "object_repr": "cliente",
    "action_flag": 1,
    "change_message": "[{\"added\": {}}]"
  }
},
{
  "model": "admin.logentry",
  "pk": 39,
  "fields": {
    "action_time": "2021-05-04T18:59:49.060Z",
    "user": 1,
    "content_type": 15,
    "object_id": "5",
    "object_repr": "0601899396 Daniel Antonio",
    "action_flag": 2,
    "change_message": "[{\"changed\": {\"fields\": [\"Groups\"]}}]"
  }
},
{
  "model": "admin.logentry",
  "pk": 40,
  "fields": {
    "action_time": "2021-05-04T19:55:54.034Z",
    "user": 1,
    "content_type": 38,
    "object_id": "1",
    "object_repr": "Sistema de informacion",
    "action_flag": 2,
    "change_message": "[{\"changed\": {\"fields\": [\"Mision\", \"Vision\"]}}]"
  }
},
{
  "model": "auth.permission",
  "pk": 1,
  "fields": {
    "name": "Can add log entry",
    "content_type": 1,
    "codename": "add_logentry"
  }
},
{
  "model": "auth.permission",
  "pk": 2,
  "fields": {
    "name": "Can change log entry",
    "content_type": 1,
    "codename": "change_logentry"
  }
},
{
  "model": "auth.permission",
  "pk": 3,
  "fields": {
    "name": "Can delete log entry",
    "content_type": 1,
    "codename": "delete_logentry"
  }
},
{
  "model": "auth.permission",
  "pk": 4,
  "fields": {
    "name": "Can view log entry",
    "content_type": 1,
    "codename": "view_logentry"
  }
},
{
  "model": "auth.permission",
  "pk": 5,
  "fields": {
    "name": "Can add permission",
    "content_type": 2,
    "codename": "add_permission"
  }
},
{
  "model": "auth.permission",
  "pk": 6,
  "fields": {
    "name": "Can change permission",
    "content_type": 2,
    "codename": "change_permission"
  }
},
{
  "model": "auth.permission",
  "pk": 7,
  "fields": {
    "name": "Can delete permission",
    "content_type": 2,
    "codename": "delete_permission"
  }
},
{
  "model": "auth.permission",
  "pk": 8,
  "fields": {
    "name": "Can view permission",
    "content_type": 2,
    "codename": "view_permission"
  }
},
{
  "model": "auth.permission",
  "pk": 9,
  "fields": {
    "name": "Can add group",
    "content_type": 3,
    "codename": "add_group"
  }
},
{
  "model": "auth.permission",
  "pk": 10,
  "fields": {
    "name": "Can change group",
    "content_type": 3,
    "codename": "change_group"
  }
},
{
  "model": "auth.permission",
  "pk": 11,
  "fields": {
    "name": "Can delete group",
    "content_type": 3,
    "codename": "delete_group"
  }
},
{
  "model": "auth.permission",
  "pk": 12,
  "fields": {
    "name": "Can view group",
    "content_type": 3,
    "codename": "view_group"
  }
},
{
  "model": "auth.permission",
  "pk": 13,
  "fields": {
    "name": "Can add content type",
    "content_type": 4,
    "codename": "add_contenttype"
  }
},
{
  "model": "auth.permission",
  "pk": 14,
  "fields": {
    "name": "Can change content type",
    "content_type": 4,
    "codename": "change_contenttype"
  }
},
{
  "model": "auth.permission",
  "pk": 15,
  "fields": {
    "name": "Can delete content type",
    "content_type": 4,
    "codename": "delete_contenttype"
  }
},
{
  "model": "auth.permission",
  "pk": 16,
  "fields": {
    "name": "Can view content type",
    "content_type": 4,
    "codename": "view_contenttype"
  }
},
{
  "model": "auth.permission",
  "pk": 17,
  "fields": {
    "name": "Can add session",
    "content_type": 5,
    "codename": "add_session"
  }
},
{
  "model": "auth.permission",
  "pk": 18,
  "fields": {
    "name": "Can change session",
    "content_type": 5,
    "codename": "change_session"
  }
},
{
  "model": "auth.permission",
  "pk": 19,
  "fields": {
    "name": "Can delete session",
    "content_type": 5,
    "codename": "delete_session"
  }
},
{
  "model": "auth.permission",
  "pk": 20,
  "fields": {
    "name": "Can view session",
    "content_type": 5,
    "codename": "view_session"
  }
},
{
  "model": "auth.permission",
  "pk": 21,
  "fields": {
    "name": "Can add categoria",
    "content_type": 6,
    "codename": "add_categoria"
  }
},
{
  "model": "auth.permission",
  "pk": 22,
  "fields": {
    "name": "Can change categoria",
    "content_type": 6,
    "codename": "change_categoria"
  }
},
{
  "model": "auth.permission",
  "pk": 23,
  "fields": {
    "name": "Can delete categoria",
    "content_type": 6,
    "codename": "delete_categoria"
  }
},
{
  "model": "auth.permission",
  "pk": 24,
  "fields": {
    "name": "Can view categoria",
    "content_type": 6,
    "codename": "view_categoria"
  }
},
{
  "model": "auth.permission",
  "pk": 25,
  "fields": {
    "name": "Can add cliente",
    "content_type": 7,
    "codename": "add_cliente"
  }
},
{
  "model": "auth.permission",
  "pk": 26,
  "fields": {
    "name": "Can change cliente",
    "content_type": 7,
    "codename": "change_cliente"
  }
},
{
  "model": "auth.permission",
  "pk": 27,
  "fields": {
    "name": "Can delete cliente",
    "content_type": 7,
    "codename": "delete_cliente"
  }
},
{
  "model": "auth.permission",
  "pk": 28,
  "fields": {
    "name": "Can view cliente",
    "content_type": 7,
    "codename": "view_cliente"
  }
},
{
  "model": "auth.permission",
  "pk": 29,
  "fields": {
    "name": "Can add databasebackups",
    "content_type": 8,
    "codename": "add_databasebackups"
  }
},
{
  "model": "auth.permission",
  "pk": 30,
  "fields": {
    "name": "Can change databasebackups",
    "content_type": 8,
    "codename": "change_databasebackups"
  }
},
{
  "model": "auth.permission",
  "pk": 31,
  "fields": {
    "name": "Can delete databasebackups",
    "content_type": 8,
    "codename": "delete_databasebackups"
  }
},
{
  "model": "auth.permission",
  "pk": 32,
  "fields": {
    "name": "Can view databasebackups",
    "content_type": 8,
    "codename": "view_databasebackups"
  }
},
{
  "model": "auth.permission",
  "pk": 33,
  "fields": {
    "name": "Can add empresa",
    "content_type": 9,
    "codename": "add_empresa"
  }
},
{
  "model": "auth.permission",
  "pk": 34,
  "fields": {
    "name": "Can change empresa",
    "content_type": 9,
    "codename": "change_empresa"
  }
},
{
  "model": "auth.permission",
  "pk": 35,
  "fields": {
    "name": "Can delete empresa",
    "content_type": 9,
    "codename": "delete_empresa"
  }
},
{
  "model": "auth.permission",
  "pk": 36,
  "fields": {
    "name": "Can view empresa",
    "content_type": 9,
    "codename": "view_empresa"
  }
},
{
  "model": "auth.permission",
  "pk": 37,
  "fields": {
    "name": "Can add gasto",
    "content_type": 10,
    "codename": "add_gasto"
  }
},
{
  "model": "auth.permission",
  "pk": 38,
  "fields": {
    "name": "Can change gasto",
    "content_type": 10,
    "codename": "change_gasto"
  }
},
{
  "model": "auth.permission",
  "pk": 39,
  "fields": {
    "name": "Can delete gasto",
    "content_type": 10,
    "codename": "delete_gasto"
  }
},
{
  "model": "auth.permission",
  "pk": 40,
  "fields": {
    "name": "Can view gasto",
    "content_type": 10,
    "codename": "view_gasto"
  }
},
{
  "model": "auth.permission",
  "pk": 41,
  "fields": {
    "name": "Can add producto",
    "content_type": 11,
    "codename": "add_producto"
  }
},
{
  "model": "auth.permission",
  "pk": 42,
  "fields": {
    "name": "Can change producto",
    "content_type": 11,
    "codename": "change_producto"
  }
},
{
  "model": "auth.permission",
  "pk": 43,
  "fields": {
    "name": "Can delete producto",
    "content_type": 11,
    "codename": "delete_producto"
  }
},
{
  "model": "auth.permission",
  "pk": 44,
  "fields": {
    "name": "Can view producto",
    "content_type": 11,
    "codename": "view_producto"
  }
},
{
  "model": "auth.permission",
  "pk": 45,
  "fields": {
    "name": "Can add proveedor",
    "content_type": 12,
    "codename": "add_proveedor"
  }
},
{
  "model": "auth.permission",
  "pk": 46,
  "fields": {
    "name": "Can change proveedor",
    "content_type": 12,
    "codename": "change_proveedor"
  }
},
{
  "model": "auth.permission",
  "pk": 47,
  "fields": {
    "name": "Can delete proveedor",
    "content_type": 12,
    "codename": "delete_proveedor"
  }
},
{
  "model": "auth.permission",
  "pk": 48,
  "fields": {
    "name": "Can view proveedor",
    "content_type": 12,
    "codename": "view_proveedor"
  }
},
{
  "model": "auth.permission",
  "pk": 49,
  "fields": {
    "name": "Can add tipo_gasto",
    "content_type": 13,
    "codename": "add_tipo_gasto"
  }
},
{
  "model": "auth.permission",
  "pk": 50,
  "fields": {
    "name": "Can change tipo_gasto",
    "content_type": 13,
    "codename": "change_tipo_gasto"
  }
},
{
  "model": "auth.permission",
  "pk": 51,
  "fields": {
    "name": "Can delete tipo_gasto",
    "content_type": 13,
    "codename": "delete_tipo_gasto"
  }
},
{
  "model": "auth.permission",
  "pk": 52,
  "fields": {
    "name": "Can view tipo_gasto",
    "content_type": 13,
    "codename": "view_tipo_gasto"
  }
},
{
  "model": "auth.permission",
  "pk": 53,
  "fields": {
    "name": "Can add devolucion",
    "content_type": 14,
    "codename": "add_devolucion"
  }
},
{
  "model": "auth.permission",
  "pk": 54,
  "fields": {
    "name": "Can change devolucion",
    "content_type": 14,
    "codename": "change_devolucion"
  }
},
{
  "model": "auth.permission",
  "pk": 55,
  "fields": {
    "name": "Can delete devolucion",
    "content_type": 14,
    "codename": "delete_devolucion"
  }
},
{
  "model": "auth.permission",
  "pk": 56,
  "fields": {
    "name": "Can view devolucion",
    "content_type": 14,
    "codename": "view_devolucion"
  }
},
{
  "model": "auth.permission",
  "pk": 57,
  "fields": {
    "name": "Can add usuario",
    "content_type": 15,
    "codename": "add_user"
  }
},
{
  "model": "auth.permission",
  "pk": 58,
  "fields": {
    "name": "Can change usuario",
    "content_type": 15,
    "codename": "change_user"
  }
},
{
  "model": "auth.permission",
  "pk": 59,
  "fields": {
    "name": "Can delete usuario",
    "content_type": 15,
    "codename": "delete_user"
  }
},
{
  "model": "auth.permission",
  "pk": 60,
  "fields": {
    "name": "Can view usuario",
    "content_type": 15,
    "codename": "view_user"
  }
},
{
  "model": "auth.permission",
  "pk": 61,
  "fields": {
    "name": "Can add maquina",
    "content_type": 16,
    "codename": "add_maquina"
  }
},
{
  "model": "auth.permission",
  "pk": 62,
  "fields": {
    "name": "Can change maquina",
    "content_type": 16,
    "codename": "change_maquina"
  }
},
{
  "model": "auth.permission",
  "pk": 63,
  "fields": {
    "name": "Can delete maquina",
    "content_type": 16,
    "codename": "delete_maquina"
  }
},
{
  "model": "auth.permission",
  "pk": 64,
  "fields": {
    "name": "Can view maquina",
    "content_type": 16,
    "codename": "view_maquina"
  }
},
{
  "model": "auth.permission",
  "pk": 65,
  "fields": {
    "name": "Can add Tipo_maquina",
    "content_type": 17,
    "codename": "add_tipo_maquina"
  }
},
{
  "model": "auth.permission",
  "pk": 66,
  "fields": {
    "name": "Can change Tipo_maquina",
    "content_type": 17,
    "codename": "change_tipo_maquina"
  }
},
{
  "model": "auth.permission",
  "pk": 67,
  "fields": {
    "name": "Can delete Tipo_maquina",
    "content_type": 17,
    "codename": "delete_tipo_maquina"
  }
},
{
  "model": "auth.permission",
  "pk": 68,
  "fields": {
    "name": "Can view Tipo_maquina",
    "content_type": 17,
    "codename": "view_tipo_maquina"
  }
},
{
  "model": "auth.permission",
  "pk": 69,
  "fields": {
    "name": "Can add maquina_mantenimiento",
    "content_type": 18,
    "codename": "add_maquina_mantenimiento"
  }
},
{
  "model": "auth.permission",
  "pk": 70,
  "fields": {
    "name": "Can change maquina_mantenimiento",
    "content_type": 18,
    "codename": "change_maquina_mantenimiento"
  }
},
{
  "model": "auth.permission",
  "pk": 71,
  "fields": {
    "name": "Can delete maquina_mantenimiento",
    "content_type": 18,
    "codename": "delete_maquina_mantenimiento"
  }
},
{
  "model": "auth.permission",
  "pk": 72,
  "fields": {
    "name": "Can view maquina_mantenimiento",
    "content_type": 18,
    "codename": "view_maquina_mantenimiento"
  }
},
{
  "model": "auth.permission",
  "pk": 73,
  "fields": {
    "name": "Can add detalle_reparcion",
    "content_type": 19,
    "codename": "add_detalle_reparacion"
  }
},
{
  "model": "auth.permission",
  "pk": 74,
  "fields": {
    "name": "Can change detalle_reparcion",
    "content_type": 19,
    "codename": "change_detalle_reparacion"
  }
},
{
  "model": "auth.permission",
  "pk": 75,
  "fields": {
    "name": "Can delete detalle_reparcion",
    "content_type": 19,
    "codename": "delete_detalle_reparacion"
  }
},
{
  "model": "auth.permission",
  "pk": 76,
  "fields": {
    "name": "Can view detalle_reparcion",
    "content_type": 19,
    "codename": "view_detalle_reparacion"
  }
},
{
  "model": "auth.permission",
  "pk": 77,
  "fields": {
    "name": "Can add reparacion",
    "content_type": 20,
    "codename": "add_reparacion"
  }
},
{
  "model": "auth.permission",
  "pk": 78,
  "fields": {
    "name": "Can change reparacion",
    "content_type": 20,
    "codename": "change_reparacion"
  }
},
{
  "model": "auth.permission",
  "pk": 79,
  "fields": {
    "name": "Can delete reparacion",
    "content_type": 20,
    "codename": "delete_reparacion"
  }
},
{
  "model": "auth.permission",
  "pk": 80,
  "fields": {
    "name": "Can view reparacion",
    "content_type": 20,
    "codename": "view_reparacion"
  }
},
{
  "model": "auth.permission",
  "pk": 81,
  "fields": {
    "name": "Can add transaccion",
    "content_type": 21,
    "codename": "add_transaccion"
  }
},
{
  "model": "auth.permission",
  "pk": 82,
  "fields": {
    "name": "Can change transaccion",
    "content_type": 21,
    "codename": "change_transaccion"
  }
},
{
  "model": "auth.permission",
  "pk": 83,
  "fields": {
    "name": "Can delete transaccion",
    "content_type": 21,
    "codename": "delete_transaccion"
  }
},
{
  "model": "auth.permission",
  "pk": 84,
  "fields": {
    "name": "Can view transaccion",
    "content_type": 21,
    "codename": "view_transaccion"
  }
},
{
  "model": "auth.permission",
  "pk": 85,
  "fields": {
    "name": "Can add venta",
    "content_type": 22,
    "codename": "add_venta"
  }
},
{
  "model": "auth.permission",
  "pk": 86,
  "fields": {
    "name": "Can change venta",
    "content_type": 22,
    "codename": "change_venta"
  }
},
{
  "model": "auth.permission",
  "pk": 87,
  "fields": {
    "name": "Can delete venta",
    "content_type": 22,
    "codename": "delete_venta"
  }
},
{
  "model": "auth.permission",
  "pk": 88,
  "fields": {
    "name": "Can view venta",
    "content_type": 22,
    "codename": "view_venta"
  }
},
{
  "model": "auth.permission",
  "pk": 89,
  "fields": {
    "name": "Can add detalle_venta",
    "content_type": 23,
    "codename": "add_detalle_venta"
  }
},
{
  "model": "auth.permission",
  "pk": 90,
  "fields": {
    "name": "Can change detalle_venta",
    "content_type": 23,
    "codename": "change_detalle_venta"
  }
},
{
  "model": "auth.permission",
  "pk": 91,
  "fields": {
    "name": "Can delete detalle_venta",
    "content_type": 23,
    "codename": "delete_detalle_venta"
  }
},
{
  "model": "auth.permission",
  "pk": 92,
  "fields": {
    "name": "Can view detalle_venta",
    "content_type": 23,
    "codename": "view_detalle_venta"
  }
},
{
  "model": "auth.permission",
  "pk": 93,
  "fields": {
    "name": "Can add compra",
    "content_type": 24,
    "codename": "add_compra"
  }
},
{
  "model": "auth.permission",
  "pk": 94,
  "fields": {
    "name": "Can change compra",
    "content_type": 24,
    "codename": "change_compra"
  }
},
{
  "model": "auth.permission",
  "pk": 95,
  "fields": {
    "name": "Can delete compra",
    "content_type": 24,
    "codename": "delete_compra"
  }
},
{
  "model": "auth.permission",
  "pk": 96,
  "fields": {
    "name": "Can view compra",
    "content_type": 24,
    "codename": "view_compra"
  }
},
{
  "model": "auth.permission",
  "pk": 97,
  "fields": {
    "name": "Can add detalle_compra",
    "content_type": 25,
    "codename": "add_detalle_compra"
  }
},
{
  "model": "auth.permission",
  "pk": 98,
  "fields": {
    "name": "Can change detalle_compra",
    "content_type": 25,
    "codename": "change_detalle_compra"
  }
},
{
  "model": "auth.permission",
  "pk": 99,
  "fields": {
    "name": "Can delete detalle_compra",
    "content_type": 25,
    "codename": "delete_detalle_compra"
  }
},
{
  "model": "auth.permission",
  "pk": 100,
  "fields": {
    "name": "Can view detalle_compra",
    "content_type": 25,
    "codename": "view_detalle_compra"
  }
},
{
  "model": "auth.permission",
  "pk": 101,
  "fields": {
    "name": "Can add confeccion",
    "content_type": 26,
    "codename": "add_confeccion"
  }
},
{
  "model": "auth.permission",
  "pk": 102,
  "fields": {
    "name": "Can change confeccion",
    "content_type": 26,
    "codename": "change_confeccion"
  }
},
{
  "model": "auth.permission",
  "pk": 103,
  "fields": {
    "name": "Can delete confeccion",
    "content_type": 26,
    "codename": "delete_confeccion"
  }
},
{
  "model": "auth.permission",
  "pk": 104,
  "fields": {
    "name": "Can view confeccion",
    "content_type": 26,
    "codename": "view_confeccion"
  }
},
{
  "model": "auth.permission",
  "pk": 105,
  "fields": {
    "name": "Can add detalle_confeccion",
    "content_type": 27,
    "codename": "add_detalle_confeccion"
  }
},
{
  "model": "auth.permission",
  "pk": 106,
  "fields": {
    "name": "Can change detalle_confeccion",
    "content_type": 27,
    "codename": "change_detalle_confeccion"
  }
},
{
  "model": "auth.permission",
  "pk": 107,
  "fields": {
    "name": "Can delete detalle_confeccion",
    "content_type": 27,
    "codename": "delete_detalle_confeccion"
  }
},
{
  "model": "auth.permission",
  "pk": 108,
  "fields": {
    "name": "Can view detalle_confeccion",
    "content_type": 27,
    "codename": "view_detalle_confeccion"
  }
},
{
  "model": "auth.permission",
  "pk": 109,
  "fields": {
    "name": "Can add alquiler",
    "content_type": 28,
    "codename": "add_alquiler"
  }
},
{
  "model": "auth.permission",
  "pk": 110,
  "fields": {
    "name": "Can change alquiler",
    "content_type": 28,
    "codename": "change_alquiler"
  }
},
{
  "model": "auth.permission",
  "pk": 111,
  "fields": {
    "name": "Can delete alquiler",
    "content_type": 28,
    "codename": "delete_alquiler"
  }
},
{
  "model": "auth.permission",
  "pk": 112,
  "fields": {
    "name": "Can view alquiler",
    "content_type": 28,
    "codename": "view_alquiler"
  }
},
{
  "model": "auth.permission",
  "pk": 113,
  "fields": {
    "name": "Can add detalle_alquiler",
    "content_type": 29,
    "codename": "add_detalle_alquiler"
  }
},
{
  "model": "auth.permission",
  "pk": 114,
  "fields": {
    "name": "Can change detalle_alquiler",
    "content_type": 29,
    "codename": "change_detalle_alquiler"
  }
},
{
  "model": "auth.permission",
  "pk": 115,
  "fields": {
    "name": "Can delete detalle_alquiler",
    "content_type": 29,
    "codename": "delete_detalle_alquiler"
  }
},
{
  "model": "auth.permission",
  "pk": 116,
  "fields": {
    "name": "Can view detalle_alquiler",
    "content_type": 29,
    "codename": "view_detalle_alquiler"
  }
},
{
  "model": "auth.permission",
  "pk": 117,
  "fields": {
    "name": "Can add material",
    "content_type": 30,
    "codename": "add_material"
  }
},
{
  "model": "auth.permission",
  "pk": 118,
  "fields": {
    "name": "Can change material",
    "content_type": 30,
    "codename": "change_material"
  }
},
{
  "model": "auth.permission",
  "pk": 119,
  "fields": {
    "name": "Can delete material",
    "content_type": 30,
    "codename": "delete_material"
  }
},
{
  "model": "auth.permission",
  "pk": 120,
  "fields": {
    "name": "Can view material",
    "content_type": 30,
    "codename": "view_material"
  }
},
{
  "model": "auth.permission",
  "pk": 121,
  "fields": {
    "name": "Can add asig_recurso",
    "content_type": 31,
    "codename": "add_asig_recurso"
  }
},
{
  "model": "auth.permission",
  "pk": 122,
  "fields": {
    "name": "Can change asig_recurso",
    "content_type": 31,
    "codename": "change_asig_recurso"
  }
},
{
  "model": "auth.permission",
  "pk": 123,
  "fields": {
    "name": "Can delete asig_recurso",
    "content_type": 31,
    "codename": "delete_asig_recurso"
  }
},
{
  "model": "auth.permission",
  "pk": 124,
  "fields": {
    "name": "Can view asig_recurso",
    "content_type": 31,
    "codename": "view_asig_recurso"
  }
},
{
  "model": "auth.permission",
  "pk": 125,
  "fields": {
    "name": "Can add detalle_asig_maquina",
    "content_type": 32,
    "codename": "add_detalle_asig_maquina"
  }
},
{
  "model": "auth.permission",
  "pk": 126,
  "fields": {
    "name": "Can change detalle_asig_maquina",
    "content_type": 32,
    "codename": "change_detalle_asig_maquina"
  }
},
{
  "model": "auth.permission",
  "pk": 127,
  "fields": {
    "name": "Can delete detalle_asig_maquina",
    "content_type": 32,
    "codename": "delete_detalle_asig_maquina"
  }
},
{
  "model": "auth.permission",
  "pk": 128,
  "fields": {
    "name": "Can view detalle_asig_maquina",
    "content_type": 32,
    "codename": "view_detalle_asig_maquina"
  }
},
{
  "model": "auth.permission",
  "pk": 129,
  "fields": {
    "name": "Can add detalle_asig_recurso",
    "content_type": 33,
    "codename": "add_detalle_asig_recurso"
  }
},
{
  "model": "auth.permission",
  "pk": 130,
  "fields": {
    "name": "Can change detalle_asig_recurso",
    "content_type": 33,
    "codename": "change_detalle_asig_recurso"
  }
},
{
  "model": "auth.permission",
  "pk": 131,
  "fields": {
    "name": "Can delete detalle_asig_recurso",
    "content_type": 33,
    "codename": "delete_detalle_asig_recurso"
  }
},
{
  "model": "auth.permission",
  "pk": 132,
  "fields": {
    "name": "Can view detalle_asig_recurso",
    "content_type": 33,
    "codename": "view_detalle_asig_recurso"
  }
},
{
  "model": "auth.permission",
  "pk": 133,
  "fields": {
    "name": "Can add detalle_perdidas_material",
    "content_type": 34,
    "codename": "add_detalle_perdidas_materiales"
  }
},
{
  "model": "auth.permission",
  "pk": 134,
  "fields": {
    "name": "Can change detalle_perdidas_material",
    "content_type": 34,
    "codename": "change_detalle_perdidas_materiales"
  }
},
{
  "model": "auth.permission",
  "pk": 135,
  "fields": {
    "name": "Can delete detalle_perdidas_material",
    "content_type": 34,
    "codename": "delete_detalle_perdidas_materiales"
  }
},
{
  "model": "auth.permission",
  "pk": 136,
  "fields": {
    "name": "Can view detalle_perdidas_material",
    "content_type": 34,
    "codename": "view_detalle_perdidas_materiales"
  }
},
{
  "model": "auth.permission",
  "pk": 137,
  "fields": {
    "name": "Can add novedades_produccion",
    "content_type": 35,
    "codename": "add_novedades"
  }
},
{
  "model": "auth.permission",
  "pk": 138,
  "fields": {
    "name": "Can change novedades_produccion",
    "content_type": 35,
    "codename": "change_novedades"
  }
},
{
  "model": "auth.permission",
  "pk": 139,
  "fields": {
    "name": "Can delete novedades_produccion",
    "content_type": 35,
    "codename": "delete_novedades"
  }
},
{
  "model": "auth.permission",
  "pk": 140,
  "fields": {
    "name": "Can view novedades_produccion",
    "content_type": 35,
    "codename": "view_novedades"
  }
},
{
  "model": "auth.permission",
  "pk": 141,
  "fields": {
    "name": "Can add detalle_produccion",
    "content_type": 36,
    "codename": "add_detalle_produccion"
  }
},
{
  "model": "auth.permission",
  "pk": 142,
  "fields": {
    "name": "Can change detalle_produccion",
    "content_type": 36,
    "codename": "change_detalle_produccion"
  }
},
{
  "model": "auth.permission",
  "pk": 143,
  "fields": {
    "name": "Can delete detalle_produccion",
    "content_type": 36,
    "codename": "delete_detalle_produccion"
  }
},
{
  "model": "auth.permission",
  "pk": 144,
  "fields": {
    "name": "Can view detalle_produccion",
    "content_type": 36,
    "codename": "view_detalle_produccion"
  }
},
{
  "model": "auth.permission",
  "pk": 145,
  "fields": {
    "name": "Can add producto_base",
    "content_type": 37,
    "codename": "add_producto_base"
  }
},
{
  "model": "auth.permission",
  "pk": 146,
  "fields": {
    "name": "Can change producto_base",
    "content_type": 37,
    "codename": "change_producto_base"
  }
},
{
  "model": "auth.permission",
  "pk": 147,
  "fields": {
    "name": "Can delete producto_base",
    "content_type": 37,
    "codename": "delete_producto_base"
  }
},
{
  "model": "auth.permission",
  "pk": 148,
  "fields": {
    "name": "Can view producto_base",
    "content_type": 37,
    "codename": "view_producto_base"
  }
},
{
  "model": "auth.permission",
  "pk": 149,
  "fields": {
    "name": "Can add sitio",
    "content_type": 38,
    "codename": "add_sitioweb"
  }
},
{
  "model": "auth.permission",
  "pk": 150,
  "fields": {
    "name": "Can change sitio",
    "content_type": 38,
    "codename": "change_sitioweb"
  }
},
{
  "model": "auth.permission",
  "pk": 151,
  "fields": {
    "name": "Can delete sitio",
    "content_type": 38,
    "codename": "delete_sitioweb"
  }
},
{
  "model": "auth.permission",
  "pk": 152,
  "fields": {
    "name": "Can view sitio",
    "content_type": 38,
    "codename": "view_sitioweb"
  }
},
{
  "model": "auth.permission",
  "pk": 153,
  "fields": {
    "name": "Can add talla",
    "content_type": 39,
    "codename": "add_talla"
  }
},
{
  "model": "auth.permission",
  "pk": 154,
  "fields": {
    "name": "Can change talla",
    "content_type": 39,
    "codename": "change_talla"
  }
},
{
  "model": "auth.permission",
  "pk": 155,
  "fields": {
    "name": "Can delete talla",
    "content_type": 39,
    "codename": "delete_talla"
  }
},
{
  "model": "auth.permission",
  "pk": 156,
  "fields": {
    "name": "Can view talla",
    "content_type": 39,
    "codename": "view_talla"
  }
},
{
  "model": "auth.permission",
  "pk": 157,
  "fields": {
    "name": "Can add tipo_material",
    "content_type": 40,
    "codename": "add_tipo_material"
  }
},
{
  "model": "auth.permission",
  "pk": 158,
  "fields": {
    "name": "Can change tipo_material",
    "content_type": 40,
    "codename": "change_tipo_material"
  }
},
{
  "model": "auth.permission",
  "pk": 159,
  "fields": {
    "name": "Can delete tipo_material",
    "content_type": 40,
    "codename": "delete_tipo_material"
  }
},
{
  "model": "auth.permission",
  "pk": 160,
  "fields": {
    "name": "Can view tipo_material",
    "content_type": 40,
    "codename": "view_tipo_material"
  }
},
{
  "model": "auth.permission",
  "pk": 161,
  "fields": {
    "name": "Can add color",
    "content_type": 41,
    "codename": "add_color"
  }
},
{
  "model": "auth.permission",
  "pk": 162,
  "fields": {
    "name": "Can change color",
    "content_type": 41,
    "codename": "change_color"
  }
},
{
  "model": "auth.permission",
  "pk": 163,
  "fields": {
    "name": "Can delete color",
    "content_type": 41,
    "codename": "delete_color"
  }
},
{
  "model": "auth.permission",
  "pk": 164,
  "fields": {
    "name": "Can view color",
    "content_type": 41,
    "codename": "view_color"
  }
},
{
  "model": "auth.group",
  "pk": 7,
  "fields": {
    "name": "cliente",
    "permissions": [
      109,
      110,
      111,
      112,
      113,
      114,
      115,
      116,
      101,
      102,
      103,
      104,
      53,
      54,
      55,
      56,
      41,
      42,
      43,
      44,
      145,
      146,
      147,
      148,
      76,
      89,
      90,
      91,
      92,
      85,
      86,
      87,
      88
    ]
  }
},
{
  "model": "contenttypes.contenttype",
  "pk": 1,
  "fields": {
    "app_label": "admin",
    "model": "logentry"
  }
},
{
  "model": "contenttypes.contenttype",
  "pk": 2,
  "fields": {
    "app_label": "auth",
    "model": "permission"
  }
},
{
  "model": "contenttypes.contenttype",
  "pk": 3,
  "fields": {
    "app_label": "auth",
    "model": "group"
  }
},
{
  "model": "contenttypes.contenttype",
  "pk": 4,
  "fields": {
    "app_label": "contenttypes",
    "model": "contenttype"
  }
},
{
  "model": "contenttypes.contenttype",
  "pk": 5,
  "fields": {
    "app_label": "sessions",
    "model": "session"
  }
},
{
  "model": "contenttypes.contenttype",
  "pk": 6,
  "fields": {
    "app_label": "categoria",
    "model": "categoria"
  }
},
{
  "model": "contenttypes.contenttype",
  "pk": 7,
  "fields": {
    "app_label": "cliente",
    "model": "cliente"
  }
},
{
  "model": "contenttypes.contenttype",
  "pk": 8,
  "fields": {
    "app_label": "DatabaseBackups",
    "model": "databasebackups"
  }
},
{
  "model": "contenttypes.contenttype",
  "pk": 9,
  "fields": {
    "app_label": "empresa",
    "model": "empresa"
  }
},
{
  "model": "contenttypes.contenttype",
  "pk": 10,
  "fields": {
    "app_label": "gasto",
    "model": "gasto"
  }
},
{
  "model": "contenttypes.contenttype",
  "pk": 11,
  "fields": {
    "app_label": "producto",
    "model": "producto"
  }
},
{
  "model": "contenttypes.contenttype",
  "pk": 12,
  "fields": {
    "app_label": "proveedor",
    "model": "proveedor"
  }
},
{
  "model": "contenttypes.contenttype",
  "pk": 13,
  "fields": {
    "app_label": "tipogasto",
    "model": "tipo_gasto"
  }
},
{
  "model": "contenttypes.contenttype",
  "pk": 14,
  "fields": {
    "app_label": "delvoluciones_venta",
    "model": "devolucion"
  }
},
{
  "model": "contenttypes.contenttype",
  "pk": 15,
  "fields": {
    "app_label": "user",
    "model": "user"
  }
},
{
  "model": "contenttypes.contenttype",
  "pk": 16,
  "fields": {
    "app_label": "maquina",
    "model": "maquina"
  }
},
{
  "model": "contenttypes.contenttype",
  "pk": 17,
  "fields": {
    "app_label": "maquina",
    "model": "tipo_maquina"
  }
},
{
  "model": "contenttypes.contenttype",
  "pk": 18,
  "fields": {
    "app_label": "maquina",
    "model": "maquina_mantenimiento"
  }
},
{
  "model": "contenttypes.contenttype",
  "pk": 19,
  "fields": {
    "app_label": "reparacion",
    "model": "detalle_reparacion"
  }
},
{
  "model": "contenttypes.contenttype",
  "pk": 20,
  "fields": {
    "app_label": "reparacion",
    "model": "reparacion"
  }
},
{
  "model": "contenttypes.contenttype",
  "pk": 21,
  "fields": {
    "app_label": "transaccion",
    "model": "transaccion"
  }
},
{
  "model": "contenttypes.contenttype",
  "pk": 22,
  "fields": {
    "app_label": "venta",
    "model": "venta"
  }
},
{
  "model": "contenttypes.contenttype",
  "pk": 23,
  "fields": {
    "app_label": "venta",
    "model": "detalle_venta"
  }
},
{
  "model": "contenttypes.contenttype",
  "pk": 24,
  "fields": {
    "app_label": "compra",
    "model": "compra"
  }
},
{
  "model": "contenttypes.contenttype",
  "pk": 25,
  "fields": {
    "app_label": "compra",
    "model": "detalle_compra"
  }
},
{
  "model": "contenttypes.contenttype",
  "pk": 26,
  "fields": {
    "app_label": "confeccion",
    "model": "confeccion"
  }
},
{
  "model": "contenttypes.contenttype",
  "pk": 27,
  "fields": {
    "app_label": "confeccion",
    "model": "detalle_confeccion"
  }
},
{
  "model": "contenttypes.contenttype",
  "pk": 28,
  "fields": {
    "app_label": "alquiler",
    "model": "alquiler"
  }
},
{
  "model": "contenttypes.contenttype",
  "pk": 29,
  "fields": {
    "app_label": "alquiler",
    "model": "detalle_alquiler"
  }
},
{
  "model": "contenttypes.contenttype",
  "pk": 30,
  "fields": {
    "app_label": "material",
    "model": "material"
  }
},
{
  "model": "contenttypes.contenttype",
  "pk": 31,
  "fields": {
    "app_label": "asignar_recursos",
    "model": "asig_recurso"
  }
},
{
  "model": "contenttypes.contenttype",
  "pk": 32,
  "fields": {
    "app_label": "asignar_recursos",
    "model": "detalle_asig_maquina"
  }
},
{
  "model": "contenttypes.contenttype",
  "pk": 33,
  "fields": {
    "app_label": "asignar_recursos",
    "model": "detalle_asig_recurso"
  }
},
{
  "model": "contenttypes.contenttype",
  "pk": 34,
  "fields": {
    "app_label": "asignar_recursos",
    "model": "detalle_perdidas_materiales"
  }
},
{
  "model": "contenttypes.contenttype",
  "pk": 35,
  "fields": {
    "app_label": "asignar_recursos",
    "model": "novedades"
  }
},
{
  "model": "contenttypes.contenttype",
  "pk": 36,
  "fields": {
    "app_label": "asignar_recursos",
    "model": "detalle_produccion"
  }
},
{
  "model": "contenttypes.contenttype",
  "pk": 37,
  "fields": {
    "app_label": "producto_base",
    "model": "producto_base"
  }
},
{
  "model": "contenttypes.contenttype",
  "pk": 38,
  "fields": {
    "app_label": "sitioweb",
    "model": "sitioweb"
  }
},
{
  "model": "contenttypes.contenttype",
  "pk": 39,
  "fields": {
    "app_label": "talla",
    "model": "talla"
  }
},
{
  "model": "contenttypes.contenttype",
  "pk": 40,
  "fields": {
    "app_label": "tipo_material",
    "model": "tipo_material"
  }
},
{
  "model": "contenttypes.contenttype",
  "pk": 41,
  "fields": {
    "app_label": "color",
    "model": "color"
  }
},
{
  "model": "sessions.session",
  "pk": "0ra84jh8fsg6ejkk15zmfc5jk57gh2j5",
  "fields": {
    "session_data": ".eJxVjMsOgjAURP-la9Pc0he6dO83kPtCUEMTCivjvwsJC01mNefMvE2H6zJ0a9W5G8VcjDOn346QnzrtQB443YvlMi3zSHZX7EGrvRXR1_Vw_w4GrMO21pi2sGZuIAq3qXHCSH1I3rMSkEgLLC47xj5LiIEAGkAkxTOgN58vCZI49w:1lXSUR:7gPhgILe_7_mHnbaB67pNrGUFubK_LS9NCFF0yWRQ28",
    "expire_date": "2021-04-30T17:42:47.841Z"
  }
},
{
  "model": "sessions.session",
  "pk": "awwh7hm35crnzi7e9kz18bdd5kbv3g38",
  "fields": {
    "session_data": ".eJxVjMsOgjAURP-la9Pc0he6dO83kPtCUEMTCivjvwsJC01mNefMvE2H6zJ0a9W5G8VcjDOn346QnzrtQB443YvlMi3zSHZX7EGrvRXR1_Vw_w4GrMO21pi2sGZuIAq3qXHCSH1I3rMSkEgLLC47xj5LiIEAGkAkxTOgN58vCZI49w:1le2Rh:tTaOzrzM3t_tpwLnHhq_m-d57re5fgO-L1txmRh2z0Q",
    "expire_date": "2021-05-18T21:19:09.912Z"
  }
},
{
  "model": "categoria.categoria",
  "pk": 1,
  "fields": {
    "nombre": "Ropa deportiva",
    "descripcion": "Ropa deportiva"
  }
},
{
  "model": "categoria.categoria",
  "pk": 2,
  "fields": {
    "nombre": "Telas",
    "descripcion": "Telas"
  }
},
{
  "model": "cliente.cliente",
  "pk": 1,
  "fields": {
    "nombres": "Rut Isabel",
    "apellidos": "Macias Torres",
    "cedula": "0104071758",
    "correo": "Cgfsss23@gmail.com",
    "sexo": 0,
    "telefono": "0978686963",
    "direccion": "Milagro",
    "fecha": "2021-04-10"
  }
},
{
  "model": "empresa.empresa",
  "pk": 1,
  "fields": {
    "nombre": "Confecciones Ijei",
    "ciudad": "Milagro",
    "ruc": "0604551580001",
    "direccion": "Milagro",
    "telefono": "0978686963",
    "correo": "chrisstiananfgdres@gmail.com",
    "iva": 12,
    "indice": "40.00",
    "facebook": null,
    "instagram": null,
    "twitter": null
  }
},
{
  "model": "gasto.gasto",
  "pk": 1,
  "fields": {
    "empresa": 1,
    "tipo_gasto": 1,
    "fecha_pago": "2021-04-05",
    "valor": "14.00",
    "detalle": "Pago de Luz mes de febrero 2021"
  }
},
{
  "model": "producto.producto",
  "pk": 1,
  "fields": {
    "producto_base": 1,
    "color": 1,
    "talla": 3,
    "pvp": "15.00",
    "pvp_alq": "12.00",
    "pvp_confec": "0.00",
    "imagen": "",
    "stock": 20
  }
},
{
  "model": "producto.producto",
  "pk": 2,
  "fields": {
    "producto_base": 1,
    "color": 1,
    "talla": 1,
    "pvp": "12.00",
    "pvp_alq": "9.81",
    "pvp_confec": "0.00",
    "imagen": "",
    "stock": 134
  }
},
{
  "model": "producto.producto",
  "pk": 4,
  "fields": {
    "producto_base": 1,
    "color": 1,
    "talla": 2,
    "pvp": "12.00",
    "pvp_alq": "1.00",
    "pvp_confec": "0.00",
    "imagen": "producto/imagen/c9b33144e9e44cd5e0d7602f0c5bf7dc.jpg",
    "stock": 209
  }
},
{
  "model": "proveedor.proveedor",
  "pk": 1,
  "fields": {
    "nombre": "Textiles del Ecuador",
    "tipo": 1,
    "num_doc": "0104669221002",
    "correo": "rachogol@outlook.com",
    "telefono": "0994695471",
    "direccion": "SGTO. JORGE W. GUERRERO LAMILLA",
    "fecha": "2021-04-10"
  }
},
{
  "model": "tipogasto.tipo_gasto",
  "pk": 1,
  "fields": {
    "nombre": "Pago de Agua"
  }
},
{
  "model": "user.user",
  "pk": 1,
  "fields": {
    "password": "pbkdf2_sha256$216000$3QCbjmL9EI7Q$3EsIknQB2ZfJ8Wr/GPDJnD+mvrOp9v7w8etUoI8tZx8=",
    "last_login": "2021-05-04T21:19:09.836Z",
    "is_superuser": true,
    "username": "admin",
    "first_name": "Administrador",
    "last_name": "General",
    "email": "christiangomezmoran110593@gmail.com",
    "is_staff": true,
    "is_active": true,
    "date_joined": "2021-04-10T20:39:00.840Z",
    "avatar": "",
    "cedula": "0604551580",
    "celular": "0994695412",
    "telefono": "097868696",
    "direccion": "Milagro",
    "sexo": 1,
    "estado": 1,
    "tipo": 1,
    "groups": [],
    "user_permissions": []
  }
},
{
  "model": "user.user",
  "pk": 5,
  "fields": {
    "password": "pbkdf2_sha256$216000$uDxgHyxkimbc$ccHTsa6JyAN7L4AyjwkgT0m65KnbcxyvcQCfsSOhKVM=",
    "last_login": "2021-05-04T21:01:39.917Z",
    "is_superuser": false,
    "username": "0601899396",
    "first_name": "Daniel Antonio",
    "last_name": "CUENCA OCHOA",
    "email": "christiangomezmoran110593@gmail.com",
    "is_staff": false,
    "is_active": true,
    "date_joined": "2021-04-27T00:36:19Z",
    "avatar": "",
    "cedula": "0601899396",
    "celular": "0994695445",
    "telefono": "032954255",
    "direccion": "Milagro",
    "sexo": 1,
    "estado": 1,
    "tipo": 0,
    "groups": [
      7
    ],
    "user_permissions": []
  }
},
{
  "model": "user.user",
  "pk": 6,
  "fields": {
    "password": "pbkdf2_sha256$216000$Hv5TqAmfQqLX$OoA/2UWOumMWKpNxD8s22JQ7cK7WVTJLVdHEFj/1Juc=",
    "last_login": null,
    "is_superuser": false,
    "username": "0910978329",
    "first_name": "ROCIO CATALINA",
    "last_name": "CUENCA OCHOA ",
    "email": "christiangomezmorandsds110593@gmail.com",
    "is_staff": false,
    "is_active": true,
    "date_joined": "2021-04-27T01:12:56.341Z",
    "avatar": "",
    "cedula": "0910978329",
    "celular": "0959554555",
    "telefono": "032954257",
    "direccion": "Milagro",
    "sexo": 1,
    "estado": 1,
    "tipo": 0,
    "groups": [],
    "user_permissions": []
  }
},
{
  "model": "user.user",
  "pk": 7,
  "fields": {
    "password": "pbkdf2_sha256$216000$4OlpSjN1t2Bw$gV/rM69dlcKI/UDwYnL1JzczqenmYcUyxelpdO3NHds=",
    "last_login": "2021-05-03T19:42:52.769Z",
    "is_superuser": false,
    "username": "0910473248",
    "first_name": "Wilson",
    "last_name": "Gomez",
    "email": "jfds@gmail.com",
    "is_staff": false,
    "is_active": true,
    "date_joined": "2021-05-03T19:42:22.523Z",
    "avatar": "",
    "cedula": "0910473248",
    "celular": "0959554557",
    "telefono": "032954147",
    "direccion": "Milagro",
    "sexo": 1,
    "estado": 1,
    "tipo": 0,
    "groups": [],
    "user_permissions": []
  }
},
{
  "model": "maquina.tipo_maquina",
  "pk": 1,
  "fields": {
    "nombre": "Maquina de coser",
    "descripcion": "Maquina de Coser Industrial"
  }
},
{
  "model": "maquina.maquina",
  "pk": 1,
  "fields": {
    "tipo": 1,
    "estado": 0,
    "serie": "JFHSYEMFFS545"
  }
},
{
  "model": "maquina.maquina",
  "pk": 2,
  "fields": {
    "tipo": 1,
    "estado": 1,
    "serie": "KFJEASAS12"
  }
},
{
  "model": "maquina.maquina",
  "pk": 3,
  "fields": {
    "tipo": 1,
    "estado": 1,
    "serie": "ADSFDSF477"
  }
},
{
  "model": "maquina.maquina",
  "pk": 4,
  "fields": {
    "tipo": 1,
    "estado": 1,
    "serie": "FSFDSF744"
  }
},
{
  "model": "maquina.maquina",
  "pk": 5,
  "fields": {
    "tipo": 1,
    "estado": 1,
    "serie": "DSDFEF154511"
  }
},
{
  "model": "maquina.maquina_mantenimiento",
  "pk": 1,
  "fields": {
    "maquina": 1,
    "fecha_ingreso": "2021-04-10",
    "fecha_fin": "2021-04-10"
  }
},
{
  "model": "maquina.maquina_mantenimiento",
  "pk": 2,
  "fields": {
    "maquina": 1,
    "fecha_ingreso": "2021-05-04",
    "fecha_fin": "2021-05-04"
  }
},
{
  "model": "reparacion.reparacion",
  "pk": 5,
  "fields": {
    "transaccion": 12,
    "fecha_ingreso": "2021-04-26",
    "fecha_entrega": null,
    "estado": 0
  }
},
{
  "model": "reparacion.reparacion",
  "pk": 6,
  "fields": {
    "transaccion": 16,
    "fecha_ingreso": "2021-04-26",
    "fecha_entrega": null,
    "estado": 0
  }
},
{
  "model": "reparacion.reparacion",
  "pk": 7,
  "fields": {
    "transaccion": 17,
    "fecha_ingreso": "2021-04-26",
    "fecha_entrega": null,
    "estado": 0
  }
},
{
  "model": "reparacion.detalle_reparacion",
  "pk": 3,
  "fields": {
    "reparacion": 5,
    "producto": 4,
    "pvp_rep_by_prod": "12.00",
    "cantidad": 1,
    "subtotal": "12.00"
  }
},
{
  "model": "reparacion.detalle_reparacion",
  "pk": 4,
  "fields": {
    "reparacion": 5,
    "producto": 2,
    "pvp_rep_by_prod": "12.00",
    "cantidad": 1,
    "subtotal": "12.00"
  }
},
{
  "model": "reparacion.detalle_reparacion",
  "pk": 5,
  "fields": {
    "reparacion": 6,
    "producto": 4,
    "pvp_rep_by_prod": "12.00",
    "cantidad": 1,
    "subtotal": "12.00"
  }
},
{
  "model": "reparacion.detalle_reparacion",
  "pk": 6,
  "fields": {
    "reparacion": 7,
    "producto": 4,
    "pvp_rep_by_prod": "12.00",
    "cantidad": 1,
    "subtotal": "12.00"
  }
},
{
  "model": "transaccion.transaccion",
  "pk": 1,
  "fields": {
    "tipo": 0,
    "user": 1,
    "fecha_trans": "2021-04-13",
    "subtotal": "390.00",
    "iva": "46.80",
    "total": "436.80"
  }
},
{
  "model": "transaccion.transaccion",
  "pk": 2,
  "fields": {
    "tipo": 0,
    "user": 1,
    "fecha_trans": "2021-04-13",
    "subtotal": "195.00",
    "iva": "23.40",
    "total": "218.40"
  }
},
{
  "model": "transaccion.transaccion",
  "pk": 3,
  "fields": {
    "tipo": 0,
    "user": 1,
    "fecha_trans": "2021-04-13",
    "subtotal": "177.00",
    "iva": "21.24",
    "total": "198.24"
  }
},
{
  "model": "transaccion.transaccion",
  "pk": 4,
  "fields": {
    "tipo": 1,
    "user": 1,
    "fecha_trans": "2021-04-15",
    "subtotal": "60.00",
    "iva": "7.20",
    "total": "67.20"
  }
},
{
  "model": "transaccion.transaccion",
  "pk": 5,
  "fields": {
    "tipo": 2,
    "user": 1,
    "fecha_trans": "2021-04-15",
    "subtotal": "237.72",
    "iva": "28.53",
    "total": "266.25"
  }
},
{
  "model": "transaccion.transaccion",
  "pk": 6,
  "fields": {
    "tipo": 2,
    "user": 1,
    "fecha_trans": "2021-04-15",
    "subtotal": "237.72",
    "iva": "28.53",
    "total": "266.25"
  }
},
{
  "model": "transaccion.transaccion",
  "pk": 7,
  "fields": {
    "tipo": 0,
    "user": 1,
    "fecha_trans": "2021-04-16",
    "subtotal": "39.00",
    "iva": "4.68",
    "total": "43.68"
  }
},
{
  "model": "transaccion.transaccion",
  "pk": 8,
  "fields": {
    "tipo": 0,
    "user": 1,
    "fecha_trans": "2021-04-16",
    "subtotal": "39.00",
    "iva": "4.68",
    "total": "43.68"
  }
},
{
  "model": "transaccion.transaccion",
  "pk": 11,
  "fields": {
    "tipo": 1,
    "user": 1,
    "fecha_trans": "2021-04-26",
    "subtotal": "12.00",
    "iva": "1.44",
    "total": "13.44"
  }
},
{
  "model": "transaccion.transaccion",
  "pk": 12,
  "fields": {
    "tipo": 1,
    "user": 1,
    "fecha_trans": "2021-04-26",
    "subtotal": "24.00",
    "iva": "2.88",
    "total": "26.88"
  }
},
{
  "model": "transaccion.transaccion",
  "pk": 13,
  "fields": {
    "tipo": 0,
    "user": 5,
    "fecha_trans": "2021-04-26",
    "subtotal": "12.00",
    "iva": "1.44",
    "total": "13.44"
  }
},
{
  "model": "transaccion.transaccion",
  "pk": 14,
  "fields": {
    "tipo": 0,
    "user": 5,
    "fecha_trans": "2021-04-26",
    "subtotal": "12.00",
    "iva": "1.44",
    "total": "13.44"
  }
},
{
  "model": "transaccion.transaccion",
  "pk": 15,
  "fields": {
    "tipo": 2,
    "user": 5,
    "fecha_trans": "2021-04-26",
    "subtotal": "10.00",
    "iva": "1.20",
    "total": "11.20"
  }
},
{
  "model": "transaccion.transaccion",
  "pk": 16,
  "fields": {
    "tipo": 1,
    "user": 5,
    "fecha_trans": "2021-04-26",
    "subtotal": "12.00",
    "iva": "1.44",
    "total": "13.44"
  }
},
{
  "model": "transaccion.transaccion",
  "pk": 17,
  "fields": {
    "tipo": 1,
    "user": 5,
    "fecha_trans": "2021-04-26",
    "subtotal": "12.00",
    "iva": "1.44",
    "total": "13.44"
  }
},
{
  "model": "transaccion.transaccion",
  "pk": 19,
  "fields": {
    "tipo": 3,
    "user": 6,
    "fecha_trans": "2021-04-27",
    "subtotal": "39.00",
    "iva": "4.68",
    "total": "43.68"
  }
},
{
  "model": "transaccion.transaccion",
  "pk": 20,
  "fields": {
    "tipo": 3,
    "user": 5,
    "fecha_trans": "2021-04-27",
    "subtotal": "195.00",
    "iva": "23.40",
    "total": "218.40"
  }
},
{
  "model": "transaccion.transaccion",
  "pk": 21,
  "fields": {
    "tipo": 3,
    "user": 5,
    "fecha_trans": "2021-04-27",
    "subtotal": "195.00",
    "iva": "23.40",
    "total": "218.40"
  }
},
{
  "model": "transaccion.transaccion",
  "pk": 22,
  "fields": {
    "tipo": 3,
    "user": 6,
    "fecha_trans": "2021-05-02",
    "subtotal": "12.00",
    "iva": "1.44",
    "total": "13.44"
  }
},
{
  "model": "transaccion.transaccion",
  "pk": 23,
  "fields": {
    "tipo": 3,
    "user": 6,
    "fecha_trans": "2021-05-02",
    "subtotal": "195.00",
    "iva": "23.40",
    "total": "218.40"
  }
},
{
  "model": "transaccion.transaccion",
  "pk": 24,
  "fields": {
    "tipo": 0,
    "user": 6,
    "fecha_trans": "2021-05-03",
    "subtotal": "207.00",
    "iva": "24.84",
    "total": "231.84"
  }
},
{
  "model": "transaccion.transaccion",
  "pk": 25,
  "fields": {
    "tipo": 0,
    "user": 5,
    "fecha_trans": "2021-05-03",
    "subtotal": "12.00",
    "iva": "1.44",
    "total": "13.44"
  }
},
{
  "model": "transaccion.transaccion",
  "pk": 26,
  "fields": {
    "tipo": 0,
    "user": 5,
    "fecha_trans": "2021-05-03",
    "subtotal": "180.00",
    "iva": "21.60",
    "total": "201.60"
  }
},
{
  "model": "transaccion.transaccion",
  "pk": 27,
  "fields": {
    "tipo": 0,
    "user": 5,
    "fecha_trans": "2021-05-03",
    "subtotal": "24.00",
    "iva": "2.88",
    "total": "26.88"
  }
},
{
  "model": "transaccion.transaccion",
  "pk": 28,
  "fields": {
    "tipo": 2,
    "user": 5,
    "fecha_trans": "2021-05-03",
    "subtotal": "24.00",
    "iva": "2.88",
    "total": "26.88"
  }
},
{
  "model": "transaccion.transaccion",
  "pk": 30,
  "fields": {
    "tipo": 2,
    "user": 5,
    "fecha_trans": "2021-05-03",
    "subtotal": "12.00",
    "iva": "1.44",
    "total": "13.44"
  }
},
{
  "model": "transaccion.transaccion",
  "pk": 32,
  "fields": {
    "tipo": 3,
    "user": 5,
    "fecha_trans": "2021-05-04",
    "subtotal": "72.00",
    "iva": "8.64",
    "total": "80.64"
  }
},
{
  "model": "transaccion.transaccion",
  "pk": 33,
  "fields": {
    "tipo": 0,
    "user": 6,
    "fecha_trans": "2021-05-04",
    "subtotal": "24.00",
    "iva": "2.88",
    "total": "26.88"
  }
},
{
  "model": "venta.venta",
  "pk": 1,
  "fields": {
    "transaccion": 1,
    "estado": 1
  }
},
{
  "model": "venta.venta",
  "pk": 2,
  "fields": {
    "transaccion": 2,
    "estado": 1
  }
},
{
  "model": "venta.venta",
  "pk": 3,
  "fields": {
    "transaccion": 3,
    "estado": 1
  }
},
{
  "model": "venta.venta",
  "pk": 4,
  "fields": {
    "transaccion": 7,
    "estado": 1
  }
},
{
  "model": "venta.venta",
  "pk": 5,
  "fields": {
    "transaccion": 8,
    "estado": 1
  }
},
{
  "model": "venta.venta",
  "pk": 6,
  "fields": {
    "transaccion": 13,
    "estado": 1
  }
},
{
  "model": "venta.venta",
  "pk": 7,
  "fields": {
    "transaccion": 14,
    "estado": 1
  }
},
{
  "model": "venta.venta",
  "pk": 8,
  "fields": {
    "transaccion": 24,
    "estado": 1
  }
},
{
  "model": "venta.venta",
  "pk": 9,
  "fields": {
    "transaccion": 25,
    "estado": 1
  }
},
{
  "model": "venta.venta",
  "pk": 10,
  "fields": {
    "transaccion": 26,
    "estado": 2
  }
},
{
  "model": "venta.venta",
  "pk": 11,
  "fields": {
    "transaccion": 27,
    "estado": 1
  }
},
{
  "model": "venta.venta",
  "pk": 12,
  "fields": {
    "transaccion": 33,
    "estado": 1
  }
},
{
  "model": "venta.detalle_venta",
  "pk": 1,
  "fields": {
    "venta": 1,
    "inventario": 4,
    "pvp_actual": "12.00",
    "cantidad": 1,
    "subtotal": "120.00"
  }
},
{
  "model": "venta.detalle_venta",
  "pk": 2,
  "fields": {
    "venta": 1,
    "inventario": 2,
    "pvp_actual": "12.00",
    "cantidad": 1,
    "subtotal": "120.00"
  }
},
{
  "model": "venta.detalle_venta",
  "pk": 3,
  "fields": {
    "venta": 1,
    "inventario": 1,
    "pvp_actual": "15.00",
    "cantidad": 1,
    "subtotal": "150.00"
  }
},
{
  "model": "venta.detalle_venta",
  "pk": 4,
  "fields": {
    "venta": 2,
    "inventario": 4,
    "pvp_actual": "12.00",
    "cantidad": 1,
    "subtotal": "60.00"
  }
},
{
  "model": "venta.detalle_venta",
  "pk": 5,
  "fields": {
    "venta": 2,
    "inventario": 2,
    "pvp_actual": "12.00",
    "cantidad": 1,
    "subtotal": "60.00"
  }
},
{
  "model": "venta.detalle_venta",
  "pk": 6,
  "fields": {
    "venta": 2,
    "inventario": 1,
    "pvp_actual": "15.00",
    "cantidad": 1,
    "subtotal": "75.00"
  }
},
{
  "model": "venta.detalle_venta",
  "pk": 7,
  "fields": {
    "venta": 3,
    "inventario": 4,
    "pvp_actual": "12.00",
    "cantidad": 3,
    "subtotal": "36.00"
  }
},
{
  "model": "venta.detalle_venta",
  "pk": 8,
  "fields": {
    "venta": 3,
    "inventario": 2,
    "pvp_actual": "12.00",
    "cantidad": 8,
    "subtotal": "96.00"
  }
},
{
  "model": "venta.detalle_venta",
  "pk": 9,
  "fields": {
    "venta": 3,
    "inventario": 1,
    "pvp_actual": "15.00",
    "cantidad": 3,
    "subtotal": "45.00"
  }
},
{
  "model": "venta.detalle_venta",
  "pk": 10,
  "fields": {
    "venta": 4,
    "inventario": 4,
    "pvp_actual": "12.00",
    "cantidad": 1,
    "subtotal": "12.00"
  }
},
{
  "model": "venta.detalle_venta",
  "pk": 11,
  "fields": {
    "venta": 4,
    "inventario": 2,
    "pvp_actual": "12.00",
    "cantidad": 1,
    "subtotal": "12.00"
  }
},
{
  "model": "venta.detalle_venta",
  "pk": 12,
  "fields": {
    "venta": 4,
    "inventario": 1,
    "pvp_actual": "15.00",
    "cantidad": 1,
    "subtotal": "15.00"
  }
},
{
  "model": "venta.detalle_venta",
  "pk": 13,
  "fields": {
    "venta": 5,
    "inventario": 1,
    "pvp_actual": "15.00",
    "cantidad": 1,
    "subtotal": "15.00"
  }
},
{
  "model": "venta.detalle_venta",
  "pk": 14,
  "fields": {
    "venta": 5,
    "inventario": 2,
    "pvp_actual": "12.00",
    "cantidad": 1,
    "subtotal": "12.00"
  }
},
{
  "model": "venta.detalle_venta",
  "pk": 15,
  "fields": {
    "venta": 5,
    "inventario": 4,
    "pvp_actual": "12.00",
    "cantidad": 1,
    "subtotal": "12.00"
  }
},
{
  "model": "venta.detalle_venta",
  "pk": 16,
  "fields": {
    "venta": 6,
    "inventario": 4,
    "pvp_actual": "12.00",
    "cantidad": 1,
    "subtotal": "12.00"
  }
},
{
  "model": "venta.detalle_venta",
  "pk": 17,
  "fields": {
    "venta": 7,
    "inventario": 4,
    "pvp_actual": "12.00",
    "cantidad": 1,
    "subtotal": "12.00"
  }
},
{
  "model": "venta.detalle_venta",
  "pk": 18,
  "fields": {
    "venta": 8,
    "inventario": 4,
    "pvp_actual": "12.00",
    "cantidad": 6,
    "subtotal": "72.00"
  }
},
{
  "model": "venta.detalle_venta",
  "pk": 19,
  "fields": {
    "venta": 8,
    "inventario": 2,
    "pvp_actual": "12.00",
    "cantidad": 5,
    "subtotal": "60.00"
  }
},
{
  "model": "venta.detalle_venta",
  "pk": 20,
  "fields": {
    "venta": 8,
    "inventario": 1,
    "pvp_actual": "15.00",
    "cantidad": 5,
    "subtotal": "75.00"
  }
},
{
  "model": "venta.detalle_venta",
  "pk": 21,
  "fields": {
    "venta": 9,
    "inventario": 4,
    "pvp_actual": "12.00",
    "cantidad": 1,
    "subtotal": "12.00"
  }
},
{
  "model": "venta.detalle_venta",
  "pk": 22,
  "fields": {
    "venta": 10,
    "inventario": 4,
    "pvp_actual": "12.00",
    "cantidad": 8,
    "subtotal": "96.00"
  }
},
{
  "model": "venta.detalle_venta",
  "pk": 23,
  "fields": {
    "venta": 10,
    "inventario": 2,
    "pvp_actual": "12.00",
    "cantidad": 7,
    "subtotal": "84.00"
  }
},
{
  "model": "venta.detalle_venta",
  "pk": 24,
  "fields": {
    "venta": 11,
    "inventario": 4,
    "pvp_actual": "12.00",
    "cantidad": 1,
    "subtotal": "12.00"
  }
},
{
  "model": "venta.detalle_venta",
  "pk": 25,
  "fields": {
    "venta": 11,
    "inventario": 2,
    "pvp_actual": "12.00",
    "cantidad": 1,
    "subtotal": "12.00"
  }
},
{
  "model": "venta.detalle_venta",
  "pk": 26,
  "fields": {
    "venta": 12,
    "inventario": 4,
    "pvp_actual": "12.00",
    "cantidad": 1,
    "subtotal": "12.00"
  }
},
{
  "model": "venta.detalle_venta",
  "pk": 27,
  "fields": {
    "venta": 12,
    "inventario": 2,
    "pvp_actual": "12.00",
    "cantidad": 1,
    "subtotal": "12.00"
  }
},
{
  "model": "compra.compra",
  "pk": 1,
  "fields": {
    "fecha_compra": "2021-04-10",
    "comprobante": 1,
    "proveedor": 1,
    "user": 1,
    "subtotal": "1071.00",
    "iva": "128.52",
    "total": "1199.52",
    "estado": 1
  }
},
{
  "model": "compra.compra",
  "pk": 2,
  "fields": {
    "fecha_compra": "2021-04-10",
    "comprobante": 2,
    "proveedor": 1,
    "user": 1,
    "subtotal": "2142.00",
    "iva": "257.04",
    "total": "2399.04",
    "estado": 1
  }
},
{
  "model": "compra.compra",
  "pk": 3,
  "fields": {
    "fecha_compra": "2021-04-10",
    "comprobante": 1245,
    "proveedor": 1,
    "user": 1,
    "subtotal": "1200.00",
    "iva": "144.00",
    "total": "1344.00",
    "estado": 1
  }
},
{
  "model": "compra.detalle_compra",
  "pk": 1,
  "fields": {
    "compra": 1,
    "material": 1,
    "p_compra_actual": "12.00",
    "cantidad": 100,
    "subtotal": "1071.00"
  }
},
{
  "model": "compra.detalle_compra",
  "pk": 2,
  "fields": {
    "compra": 2,
    "material": 1,
    "p_compra_actual": "12.00",
    "cantidad": 200,
    "subtotal": "2142.00"
  }
},
{
  "model": "compra.detalle_compra",
  "pk": 3,
  "fields": {
    "compra": 3,
    "material": 1,
    "p_compra_actual": "12.00",
    "cantidad": 100,
    "subtotal": "1200.00"
  }
},
{
  "model": "confeccion.confeccion",
  "pk": 6,
  "fields": {
    "transaccion": 23,
    "confeccion": 22,
    "fecha_entrega": null,
    "estado": 0
  }
},
{
  "model": "confeccion.confeccion",
  "pk": 8,
  "fields": {
    "transaccion": 32,
    "confeccion": 26,
    "fecha_entrega": null,
    "estado": 0
  }
},
{
  "model": "confeccion.detalle_confeccion",
  "pk": 10,
  "fields": {
    "producto": 310,
    "pvp_by_confec": "12.00",
    "subtotal": "60.00"
  }
},
{
  "model": "confeccion.detalle_confeccion",
  "pk": 11,
  "fields": {
    "producto": 311,
    "pvp_by_confec": "12.00",
    "subtotal": "60.00"
  }
},
{
  "model": "confeccion.detalle_confeccion",
  "pk": 12,
  "fields": {
    "producto": 312,
    "pvp_by_confec": "15.00",
    "subtotal": "75.00"
  }
},
{
  "model": "confeccion.detalle_confeccion",
  "pk": 13,
  "fields": {
    "producto": 315,
    "pvp_by_confec": "12.00",
    "subtotal": "72.00"
  }
},
{
  "model": "alquiler.alquiler",
  "pk": 1,
  "fields": {
    "transaccion": 5,
    "fecha_salida": "2021-04-15",
    "fecha_entrega": "2021-04-15",
    "estado": 1
  }
},
{
  "model": "alquiler.alquiler",
  "pk": 2,
  "fields": {
    "transaccion": 6,
    "fecha_salida": "2021-04-15",
    "fecha_entrega": null,
    "estado": 2
  }
},
{
  "model": "alquiler.alquiler",
  "pk": 3,
  "fields": {
    "transaccion": 15,
    "fecha_salida": "2021-04-26",
    "fecha_entrega": "2021-04-26",
    "estado": 1
  }
},
{
  "model": "alquiler.alquiler",
  "pk": 4,
  "fields": {
    "transaccion": 28,
    "fecha_salida": null,
    "fecha_entrega": null,
    "estado": 3
  }
},
{
  "model": "alquiler.alquiler",
  "pk": 5,
  "fields": {
    "transaccion": 30,
    "fecha_salida": null,
    "fecha_entrega": null,
    "estado": 0
  }
},
{
  "model": "alquiler.detalle_alquiler",
  "pk": 1,
  "fields": {
    "alquiler": 1,
    "inventario": 4,
    "pvp_by_alquiler": "10.00",
    "cantidad": 5,
    "subtotal": "120.00"
  }
},
{
  "model": "alquiler.detalle_alquiler",
  "pk": 2,
  "fields": {
    "alquiler": 1,
    "inventario": 2,
    "pvp_by_alquiler": "9.81",
    "cantidad": 5,
    "subtotal": "117.72"
  }
},
{
  "model": "alquiler.detalle_alquiler",
  "pk": 3,
  "fields": {
    "alquiler": 2,
    "inventario": 4,
    "pvp_by_alquiler": "10.00",
    "cantidad": 12,
    "subtotal": "120.00"
  }
},
{
  "model": "alquiler.detalle_alquiler",
  "pk": 4,
  "fields": {
    "alquiler": 2,
    "inventario": 2,
    "pvp_by_alquiler": "9.81",
    "cantidad": 12,
    "subtotal": "117.72"
  }
},
{
  "model": "alquiler.detalle_alquiler",
  "pk": 5,
  "fields": {
    "alquiler": 3,
    "inventario": 4,
    "pvp_by_alquiler": "10.00",
    "cantidad": 1,
    "subtotal": "10.00"
  }
},
{
  "model": "alquiler.detalle_alquiler",
  "pk": 6,
  "fields": {
    "alquiler": 4,
    "inventario": 4,
    "pvp_by_alquiler": "1.00",
    "cantidad": 1,
    "subtotal": "12.00"
  }
},
{
  "model": "alquiler.detalle_alquiler",
  "pk": 7,
  "fields": {
    "alquiler": 4,
    "inventario": 2,
    "pvp_by_alquiler": "9.81",
    "cantidad": 1,
    "subtotal": "12.00"
  }
},
{
  "model": "alquiler.detalle_alquiler",
  "pk": 8,
  "fields": {
    "alquiler": 5,
    "inventario": 4,
    "pvp_by_alquiler": "1.00",
    "cantidad": 1,
    "subtotal": "12.00"
  }
},
{
  "model": "material.material",
  "pk": 1,
  "fields": {
    "producto_base": 2,
    "color": 1,
    "calidad": 3,
    "tipo_material": 1,
    "p_compra": "12.00",
    "unidad_medida": 1,
    "stock_actual": 214
  }
},
{
  "model": "asignar_recursos.asig_recurso",
  "pk": 10,
  "fields": {
    "fecha_asig": "2021-04-12",
    "fecha_fin": "2021-04-12",
    "user": 1,
    "estado": 2
  }
},
{
  "model": "asignar_recursos.asig_recurso",
  "pk": 11,
  "fields": {
    "fecha_asig": "2021-04-13",
    "fecha_fin": "2021-04-13",
    "user": 1,
    "estado": 2
  }
},
{
  "model": "asignar_recursos.asig_recurso",
  "pk": 12,
  "fields": {
    "fecha_asig": "2021-04-13",
    "fecha_fin": "2021-04-13",
    "user": 1,
    "estado": 2
  }
},
{
  "model": "asignar_recursos.asig_recurso",
  "pk": 13,
  "fields": {
    "fecha_asig": "2021-04-13",
    "fecha_fin": "2021-04-13",
    "user": 1,
    "estado": 2
  }
},
{
  "model": "asignar_recursos.asig_recurso",
  "pk": 14,
  "fields": {
    "fecha_asig": "2021-04-16",
    "fecha_fin": "2021-04-16",
    "user": 1,
    "estado": 1
  }
},
{
  "model": "asignar_recursos.asig_recurso",
  "pk": 15,
  "fields": {
    "fecha_asig": "2021-04-26",
    "fecha_fin": "2021-04-26",
    "user": 1,
    "estado": 1
  }
},
{
  "model": "asignar_recursos.asig_recurso",
  "pk": 16,
  "fields": {
    "fecha_asig": "2021-04-26",
    "fecha_fin": "2021-04-26",
    "user": 1,
    "estado": 1
  }
},
{
  "model": "asignar_recursos.asig_recurso",
  "pk": 18,
  "fields": {
    "fecha_asig": "2021-04-27",
    "fecha_fin": "2021-04-27",
    "user": 6,
    "estado": 2
  }
},
{
  "model": "asignar_recursos.asig_recurso",
  "pk": 19,
  "fields": {
    "fecha_asig": "2021-04-27",
    "fecha_fin": "2021-04-27",
    "user": 5,
    "estado": 2
  }
},
{
  "model": "asignar_recursos.asig_recurso",
  "pk": 20,
  "fields": {
    "fecha_asig": "2021-04-27",
    "fecha_fin": "2021-04-27",
    "user": 5,
    "estado": 2
  }
},
{
  "model": "asignar_recursos.asig_recurso",
  "pk": 21,
  "fields": {
    "fecha_asig": "2021-05-02",
    "fecha_fin": "2021-05-02",
    "user": 6,
    "estado": 1
  }
},
{
  "model": "asignar_recursos.asig_recurso",
  "pk": 22,
  "fields": {
    "fecha_asig": "2021-05-02",
    "fecha_fin": "2021-05-02",
    "user": 6,
    "estado": 1
  }
},
{
  "model": "asignar_recursos.asig_recurso",
  "pk": 23,
  "fields": {
    "fecha_asig": "2021-05-04",
    "fecha_fin": "2021-05-04",
    "user": 1,
    "estado": 1
  }
},
{
  "model": "asignar_recursos.asig_recurso",
  "pk": 24,
  "fields": {
    "fecha_asig": "2021-05-04",
    "fecha_fin": "2021-05-10",
    "user": 1,
    "estado": 1
  }
},
{
  "model": "asignar_recursos.asig_recurso",
  "pk": 26,
  "fields": {
    "fecha_asig": "2021-05-04",
    "fecha_fin": "2021-05-05",
    "user": 5,
    "estado": 1
  }
},
{
  "model": "asignar_recursos.detalle_asig_recurso",
  "pk": 232,
  "fields": {
    "asig_recurso": 10,
    "inventario_material": 1,
    "cantidad": 47,
    "ingreso_inicial": 47,
    "ingreso_actual": 35
  }
},
{
  "model": "asignar_recursos.detalle_asig_recurso",
  "pk": 235,
  "fields": {
    "asig_recurso": 11,
    "inventario_material": 1,
    "cantidad": 5,
    "ingreso_inicial": 5,
    "ingreso_actual": 5
  }
},
{
  "model": "asignar_recursos.detalle_asig_recurso",
  "pk": 236,
  "fields": {
    "asig_recurso": 12,
    "inventario_material": 1,
    "cantidad": 5,
    "ingreso_inicial": 5,
    "ingreso_actual": 5
  }
},
{
  "model": "asignar_recursos.detalle_asig_recurso",
  "pk": 243,
  "fields": {
    "asig_recurso": 13,
    "inventario_material": 1,
    "cantidad": 65,
    "ingreso_inicial": 65,
    "ingreso_actual": 55
  }
},
{
  "model": "asignar_recursos.detalle_asig_recurso",
  "pk": 244,
  "fields": {
    "asig_recurso": 14,
    "inventario_material": 1,
    "cantidad": 5,
    "ingreso_inicial": 5,
    "ingreso_actual": 5
  }
},
{
  "model": "asignar_recursos.detalle_asig_recurso",
  "pk": 245,
  "fields": {
    "asig_recurso": 16,
    "inventario_material": 1,
    "cantidad": 5,
    "ingreso_inicial": 5,
    "ingreso_actual": 5
  }
},
{
  "model": "asignar_recursos.detalle_asig_recurso",
  "pk": 247,
  "fields": {
    "asig_recurso": 18,
    "inventario_material": 1,
    "cantidad": 1,
    "ingreso_inicial": 1,
    "ingreso_actual": 1
  }
},
{
  "model": "asignar_recursos.detalle_asig_recurso",
  "pk": 248,
  "fields": {
    "asig_recurso": 19,
    "inventario_material": 1,
    "cantidad": 1,
    "ingreso_inicial": 1,
    "ingreso_actual": 1
  }
},
{
  "model": "asignar_recursos.detalle_asig_recurso",
  "pk": 249,
  "fields": {
    "asig_recurso": 19,
    "inventario_material": 1,
    "cantidad": 1,
    "ingreso_inicial": 1,
    "ingreso_actual": 1
  }
},
{
  "model": "asignar_recursos.detalle_asig_recurso",
  "pk": 250,
  "fields": {
    "asig_recurso": 23,
    "inventario_material": 1,
    "cantidad": 5,
    "ingreso_inicial": 5,
    "ingreso_actual": 5
  }
},
{
  "model": "asignar_recursos.detalle_asig_recurso",
  "pk": 251,
  "fields": {
    "asig_recurso": 24,
    "inventario_material": 1,
    "cantidad": 5,
    "ingreso_inicial": 5,
    "ingreso_actual": 5
  }
},
{
  "model": "asignar_recursos.detalle_asig_maquina",
  "pk": 164,
  "fields": {
    "asig_recurso": 10,
    "maquina": 2
  }
},
{
  "model": "asignar_recursos.detalle_asig_maquina",
  "pk": 165,
  "fields": {
    "asig_recurso": 10,
    "maquina": 1
  }
},
{
  "model": "asignar_recursos.detalle_asig_maquina",
  "pk": 167,
  "fields": {
    "asig_recurso": 11,
    "maquina": 2
  }
},
{
  "model": "asignar_recursos.detalle_asig_maquina",
  "pk": 168,
  "fields": {
    "asig_recurso": 12,
    "maquina": 2
  }
},
{
  "model": "asignar_recursos.detalle_asig_maquina",
  "pk": 175,
  "fields": {
    "asig_recurso": 13,
    "maquina": 2
  }
},
{
  "model": "asignar_recursos.detalle_asig_maquina",
  "pk": 176,
  "fields": {
    "asig_recurso": 14,
    "maquina": 2
  }
},
{
  "model": "asignar_recursos.detalle_asig_maquina",
  "pk": 177,
  "fields": {
    "asig_recurso": 18,
    "maquina": 1
  }
},
{
  "model": "asignar_recursos.detalle_asig_maquina",
  "pk": 178,
  "fields": {
    "asig_recurso": 24,
    "maquina": 5
  }
},
{
  "model": "asignar_recursos.novedades",
  "pk": 9,
  "fields": {
    "asig_recurso": 10,
    "novedad": "Nada paso",
    "fecha": "2021-04-13"
  }
},
{
  "model": "asignar_recursos.novedades",
  "pk": 10,
  "fields": {
    "asig_recurso": 11,
    "novedad": "Todo bien",
    "fecha": "2021-04-13"
  }
},
{
  "model": "asignar_recursos.detalle_produccion",
  "pk": 263,
  "fields": {
    "asignacion": 10,
    "producto": 4,
    "cantidad": 200
  }
},
{
  "model": "asignar_recursos.detalle_produccion",
  "pk": 264,
  "fields": {
    "asignacion": 10,
    "producto": 2,
    "cantidad": 145
  }
},
{
  "model": "asignar_recursos.detalle_produccion",
  "pk": 266,
  "fields": {
    "asignacion": 11,
    "producto": 1,
    "cantidad": 5
  }
},
{
  "model": "asignar_recursos.detalle_produccion",
  "pk": 267,
  "fields": {
    "asignacion": 12,
    "producto": 1,
    "cantidad": 5
  }
},
{
  "model": "asignar_recursos.detalle_produccion",
  "pk": 286,
  "fields": {
    "asignacion": 13,
    "producto": 4,
    "cantidad": 5
  }
},
{
  "model": "asignar_recursos.detalle_produccion",
  "pk": 287,
  "fields": {
    "asignacion": 13,
    "producto": 2,
    "cantidad": 5
  }
},
{
  "model": "asignar_recursos.detalle_produccion",
  "pk": 288,
  "fields": {
    "asignacion": 13,
    "producto": 1,
    "cantidad": 5
  }
},
{
  "model": "asignar_recursos.detalle_produccion",
  "pk": 289,
  "fields": {
    "asignacion": 14,
    "producto": 4,
    "cantidad": 5
  }
},
{
  "model": "asignar_recursos.detalle_produccion",
  "pk": 290,
  "fields": {
    "asignacion": 14,
    "producto": 2,
    "cantidad": 5
  }
},
{
  "model": "asignar_recursos.detalle_produccion",
  "pk": 291,
  "fields": {
    "asignacion": 14,
    "producto": 1,
    "cantidad": 5
  }
},
{
  "model": "asignar_recursos.detalle_produccion",
  "pk": 292,
  "fields": {
    "asignacion": 15,
    "producto": 4,
    "cantidad": 1
  }
},
{
  "model": "asignar_recursos.detalle_produccion",
  "pk": 293,
  "fields": {
    "asignacion": 16,
    "producto": 4,
    "cantidad": 5
  }
},
{
  "model": "asignar_recursos.detalle_produccion",
  "pk": 298,
  "fields": {
    "asignacion": 19,
    "producto": 4,
    "cantidad": 6
  }
},
{
  "model": "asignar_recursos.detalle_produccion",
  "pk": 300,
  "fields": {
    "asignacion": 19,
    "producto": 1,
    "cantidad": 6
  }
},
{
  "model": "asignar_recursos.detalle_produccion",
  "pk": 301,
  "fields": {
    "asignacion": 20,
    "producto": 4,
    "cantidad": 5
  }
},
{
  "model": "asignar_recursos.detalle_produccion",
  "pk": 302,
  "fields": {
    "asignacion": 20,
    "producto": 2,
    "cantidad": 5
  }
},
{
  "model": "asignar_recursos.detalle_produccion",
  "pk": 303,
  "fields": {
    "asignacion": 20,
    "producto": 1,
    "cantidad": 5
  }
},
{
  "model": "asignar_recursos.detalle_produccion",
  "pk": 304,
  "fields": {
    "asignacion": 18,
    "producto": 4,
    "cantidad": 1
  }
},
{
  "model": "asignar_recursos.detalle_produccion",
  "pk": 305,
  "fields": {
    "asignacion": 18,
    "producto": 2,
    "cantidad": 1
  }
},
{
  "model": "asignar_recursos.detalle_produccion",
  "pk": 306,
  "fields": {
    "asignacion": 18,
    "producto": 1,
    "cantidad": 1
  }
},
{
  "model": "asignar_recursos.detalle_produccion",
  "pk": 307,
  "fields": {
    "asignacion": 21,
    "producto": 4,
    "cantidad": 1
  }
},
{
  "model": "asignar_recursos.detalle_produccion",
  "pk": 308,
  "fields": {
    "asignacion": 21,
    "producto": 2,
    "cantidad": 1
  }
},
{
  "model": "asignar_recursos.detalle_produccion",
  "pk": 309,
  "fields": {
    "asignacion": 21,
    "producto": 1,
    "cantidad": 1
  }
},
{
  "model": "asignar_recursos.detalle_produccion",
  "pk": 310,
  "fields": {
    "asignacion": 22,
    "producto": 4,
    "cantidad": 5
  }
},
{
  "model": "asignar_recursos.detalle_produccion",
  "pk": 311,
  "fields": {
    "asignacion": 22,
    "producto": 2,
    "cantidad": 5
  }
},
{
  "model": "asignar_recursos.detalle_produccion",
  "pk": 312,
  "fields": {
    "asignacion": 22,
    "producto": 1,
    "cantidad": 5
  }
},
{
  "model": "asignar_recursos.detalle_produccion",
  "pk": 313,
  "fields": {
    "asignacion": 23,
    "producto": 4,
    "cantidad": 5
  }
},
{
  "model": "asignar_recursos.detalle_produccion",
  "pk": 314,
  "fields": {
    "asignacion": 24,
    "producto": 4,
    "cantidad": 5
  }
},
{
  "model": "asignar_recursos.detalle_produccion",
  "pk": 315,
  "fields": {
    "asignacion": 26,
    "producto": 4,
    "cantidad": 6
  }
},
{
  "model": "asignar_recursos.detalle_perdidas_materiales",
  "pk": 77,
  "fields": {
    "det_asignacion": 232,
    "cantidad": 12
  }
},
{
  "model": "asignar_recursos.detalle_perdidas_materiales",
  "pk": 78,
  "fields": {
    "det_asignacion": 235,
    "cantidad": 1
  }
},
{
  "model": "asignar_recursos.detalle_perdidas_materiales",
  "pk": 82,
  "fields": {
    "det_asignacion": 243,
    "cantidad": 10
  }
},
{
  "model": "producto_base.producto_base",
  "pk": 1,
  "fields": {
    "categoria": 1,
    "nombre": "Camiseta",
    "descripcion": "Camiseta normal",
    "tipo": 0
  }
},
{
  "model": "producto_base.producto_base",
  "pk": 2,
  "fields": {
    "categoria": 2,
    "nombre": "Tela de Algodon",
    "descripcion": "Tela de Algodon",
    "tipo": 1
  }
},
{
  "model": "sitioweb.sitioweb",
  "pk": 1,
  "fields": {
    "titulo": "Sistema de informacion",
    "mision": "Nuestra Misin es hacer mucha ropa",
    "vision": "Descripcin Lorem ipsum dolor sit amet consectetur adipisicing elit. Veritatis, natus. Doloribus neque tempore qui saepe voluptate. eserunt nihil doloribus facilis quos eos, tempore magni iure magnam impedit reiciendis eligendi dignissimos.  Lorem ipsum dolor sit, amet consectetur adipisicing elit. Doloribus nostrum ipsam officiis iste odit. Magnam corporis, assumenda ullam illum at voluptatem totam iure explicabo nesciunt sed neque officia odio in. Odit sunt harum expedita, sint quasi corporis"
  }
},
{
  "model": "talla.talla",
  "pk": 1,
  "fields": {
    "talla": 36,
    "eqv_letra": "sm"
  }
},
{
  "model": "talla.talla",
  "pk": 2,
  "fields": {
    "talla": 32,
    "eqv_letra": "xxxs"
  }
},
{
  "model": "talla.talla",
  "pk": 3,
  "fields": {
    "talla": 34,
    "eqv_letra": "xxs"
  }
},
{
  "model": "tipo_material.tipo_material",
  "pk": 1,
  "fields": {
    "nombre": "Algodon"
  }
},
{
  "model": "color.color",
  "pk": 1,
  "fields": {
    "nombre": "Blanca"
  }
},
{
  "model": "color.color",
  "pk": 2,
  "fields": {
    "nombre": "Azul"
  }
}
]
